,subject,condition,billboard,viewing_status,fixated,glanced,recalled,recognized
0,sub001,Free_Viewing,lawyer,passed_first_fixated,1,1,0,0
1,sub001,Free_Viewing,texting_driving,passed_first_fixated,1,1,1,1
2,sub001,Free_Viewing,burger,passed_first_fixated,1,1,0,0
3,sub001,Free_Viewing,binge_drinking,passed_first_fixated,1,1,0,1
4,sub001,Free_Viewing,employee_wellness,passed_first_fixated,1,1,0,1
5,sub001,Free_Viewing,moving_business,passed_first_fixated,1,1,0,0
6,sub001,Free_Viewing,mental_health,passed_first_fixated,1,1,0,0
7,sub001,Free_Viewing,healthy_diet,passed_first_fixated,1,1,0,1
8,sub001,Free_Viewing,fundraising,passed_first_fixated,1,1,0,0
9,sub001,Free_Viewing,carpet_cleaning,passed_first_fixated,1,1,0,0
10,sub001,Free_Viewing,smoking_cessation,passed_first_fixated,1,1,0,1
11,sub001,Free_Viewing,smartphone,passed_first_fixated,1,1,0,0
12,sub001,Free_Viewing,pottery_class,passed_first_fixated,1,1,0,0
13,sub001,Free_Viewing,regular_doctor_visits,passed_first_fixated,1,1,0,0
14,sub001,Free_Viewing,recycling,passed_first_fixated,1,1,0,1
15,sub001,Free_Viewing,coffee,passed_first_fixated,1,1,0,1
16,sub001,Free_Viewing,polar_bear,passed_first_fixated,1,1,0,0
17,sub001,Free_Viewing,diabetes_awareness,passed_incept_fixated,1,1,0,1
18,sub001,Free_Viewing,healthy_sleep,passed_incept_fixated,1,1,0,1
19,sub001,Free_Viewing,hotel,passed_incept_fixated,1,1,0,1
20,sub001,Free_Viewing,museum,passed_incept_fixated,1,1,0,1
21,sub001,Free_Viewing,pizza,passed_incept_fixated,1,1,0,0
22,sub001,Free_Viewing,vaccination,passed_incept_fixated,1,1,1,0
23,sub001,Free_Viewing,HIV,passed_incept_fixated,1,1,1,1
24,sub001,Free_Viewing,car_insurance,passed_first_notfixated_forgone,0,1,0,0
25,sub001,Free_Viewing,caffeine_consumption,passed_first_notfixated_forgone,0,0,0,0
26,sub001,Free_Viewing,sun_skin_protection,passed_first_notfixated_forgone,0,0,0,0
27,sub001,Free_Viewing,cosmetics,passed_first_notfixated_forgone,0,1,0,0
28,sub001,Free_Viewing,great_lakes,passed_first_notfixated_forgone,0,1,0,0
29,sub001,Free_Viewing,jogging_physical_activity,passed_first_notfixated_forgone,0,1,0,0
30,sub001,Free_Viewing,furniture,passed_first_notfixated_forgone,0,0,0,0
31,sub002,Count_trash_bins,healthy_diet,passed_first_fixated,1,1,0,1
32,sub002,Count_trash_bins,movie_premiere,passed_first_fixated,1,1,0,0
33,sub002,Count_trash_bins,brunch,passed_first_fixated,1,1,0,0
34,sub002,Count_trash_bins,car_insurance,passed_incept_fixated,1,1,0,0
35,sub002,Count_trash_bins,travel_agency,passed_incept_fixated,1,1,0,0
36,sub002,Count_trash_bins,carpet_cleaning,passed_incept_fixated,1,1,0,0
37,sub002,Count_trash_bins,HIV,passed_incept_fixated,1,1,0,1
38,sub002,Count_trash_bins,drug_abuse,passed_incept_fixated,1,1,1,1
39,sub002,Count_trash_bins,coffee,passed_incept_notfixated_forgone,0,1,0,0
40,sub002,Count_trash_bins,regular_doctor_visits,passed_incept_notfixated_forgone,0,1,0,0
41,sub002,Count_trash_bins,moving_business,passed_incept_notfixated_forgone,0,1,0,0
42,sub002,Count_trash_bins,grocery_store,passed_first_notfixated_forgone,0,0,0,0
43,sub002,Count_trash_bins,employee_wellness,passed_first_notfixated_forgone,0,0,0,0
44,sub002,Count_trash_bins,clothes_sale,passed_first_notfixated_forgone,0,0,0,0
45,sub002,Count_trash_bins,binge_drinking,passed_first_notfixated_forgone,0,0,0,0
46,sub002,Count_trash_bins,caffeine_consumption,passed_first_notfixated_forgone,0,0,0,0
47,sub002,Count_trash_bins,burger,passed_first_notfixated_forgone,0,0,0,0
48,sub002,Count_trash_bins,museum,passed_first_notfixated_forgone,0,1,0,0
49,sub002,Count_trash_bins,sun_skin_protection,passed_first_notfixated_forgone,0,0,0,0
50,sub003,Free_Viewing,fundraising,passed_first_fixated,1,1,0,1
51,sub003,Free_Viewing,cosmetics,passed_first_fixated,1,1,0,0
52,sub003,Free_Viewing,furniture,passed_first_fixated,1,1,0,0
53,sub003,Free_Viewing,mental_health,passed_first_fixated,1,1,1,0
54,sub003,Free_Viewing,carpet_cleaning,passed_first_fixated,1,1,0,0
55,sub003,Free_Viewing,brunch,passed_first_fixated,1,1,0,0
56,sub003,Free_Viewing,jogging_physical_activity,passed_first_fixated,1,1,0,1
57,sub003,Free_Viewing,sun_skin_protection,passed_first_fixated,1,1,1,1
58,sub003,Free_Viewing,binge_drinking,passed_first_fixated,1,1,1,1
59,sub003,Free_Viewing,museum,passed_first_fixated,1,1,0,0
60,sub003,Free_Viewing,smoking_cessation,passed_first_fixated,1,1,1,1
61,sub003,Free_Viewing,polar_bear,passed_first_fixated,1,1,0,0
62,sub003,Free_Viewing,hotel,passed_first_fixated,1,1,0,1
63,sub003,Free_Viewing,regular_doctor_visits,passed_first_fixated,1,1,0,0
64,sub003,Free_Viewing,caffeine_consumption,passed_first_fixated,1,1,1,1
65,sub003,Free_Viewing,healthy_sleep,passed_first_fixated,1,1,0,0
66,sub003,Free_Viewing,recycling,passed_first_fixated,1,1,0,0
67,sub003,Free_Viewing,grocery_store,passed_first_fixated,1,1,0,1
68,sub003,Free_Viewing,diabetes_awareness,passed_first_fixated,1,1,0,1
69,sub003,Free_Viewing,travel_agency,passed_first_fixated,1,1,0,1
70,sub003,Free_Viewing,pet_store,passed_first_fixated,1,1,0,0
71,sub003,Free_Viewing,burger,passed_first_fixated,1,1,0,1
72,sub003,Free_Viewing,coffee,passed_first_fixated,1,1,0,1
73,sub003,Free_Viewing,HIV,passed_first_fixated,1,1,0,1
74,sub003,Free_Viewing,employee_wellness,passed_first_fixated,1,1,0,0
75,sub003,Free_Viewing,healthy_diet,passed_first_fixated,1,1,1,1
76,sub003,Free_Viewing,movie_premiere,passed_first_fixated,1,1,0,0
77,sub003,Free_Viewing,pottery_class,passed_first_fixated,1,1,0,0
78,sub003,Free_Viewing,texting_driving,passed_incept_fixated,1,1,1,1
79,sub003,Free_Viewing,car_insurance,passed_incept_fixated,1,1,1,1
80,sub003,Free_Viewing,lawyer,passed_incept_fixated,1,1,0,1
81,sub003,Free_Viewing,drug_abuse,passed_incept_fixated,1,1,0,0
82,sub003,Free_Viewing,moving_business,passed_incept_fixated,1,1,0,0
83,sub003,Free_Viewing,vaccination,passed_first_notfixated_forgone,0,0,0,0
84,sub003,Free_Viewing,handwashing,passed_first_notfixated_forgone,0,1,0,1
85,sub004,Count_trash_bins,furniture,passed_first_fixated,1,1,0,0
86,sub004,Count_trash_bins,texting_driving,passed_incept_notfixated_forgone,0,0,0,0
87,sub004,Count_trash_bins,travel_agency,passed_incept_notfixated_forgone,0,1,0,0
88,sub004,Count_trash_bins,employee_wellness,passed_incept_notfixated_forgone,0,0,0,1
89,sub004,Count_trash_bins,carpet_cleaning,passed_incept_notfixated_forgone,0,0,0,0
90,sub004,Count_trash_bins,cosmetics,passed_incept_notfixated_forgone,0,1,0,0
91,sub004,Count_trash_bins,drug_abuse,passed_first_notfixated_forgone,0,0,0,0
92,sub004,Count_trash_bins,healthy_sleep,passed_first_notfixated_forgone,0,0,0,0
93,sub004,Count_trash_bins,hotel,passed_first_notfixated_forgone,0,0,0,0
94,sub004,Count_trash_bins,smoking_cessation,passed_first_notfixated_forgone,0,0,0,0
95,sub004,Count_trash_bins,lawyer,passed_first_notfixated_forgone,0,1,0,0
96,sub004,Count_trash_bins,polar_bear,passed_first_notfixated_forgone,0,0,0,0
97,sub004,Count_trash_bins,regular_doctor_visits,passed_first_notfixated_forgone,0,0,0,0
98,sub004,Count_trash_bins,pet_store,passed_first_notfixated_forgone,0,1,0,0
99,sub004,Count_trash_bins,brunch,passed_first_notfixated_forgone,0,0,0,0
100,sub004,Count_trash_bins,pottery_class,passed_first_notfixated_forgone,0,0,0,0
101,sub004,Count_trash_bins,moving_business,passed_first_notfixated_forgone,0,0,0,0
102,sub004,Count_trash_bins,vaccination,passed_first_notfixated_forgone,0,0,0,0
103,sub004,Count_trash_bins,burger,passed_first_notfixated_forgone,0,0,0,0
104,sub004,Count_trash_bins,pizza,passed_first_notfixated_forgone,0,1,0,1
105,sub005,Free_Viewing,healthy_diet,passed_first_fixated,1,1,0,1
106,sub005,Free_Viewing,carpet_cleaning,passed_first_fixated,1,1,0,0
107,sub005,Free_Viewing,moving_business,passed_first_fixated,1,1,0,1
108,sub005,Free_Viewing,polar_bear,passed_first_fixated,1,1,1,1
109,sub005,Free_Viewing,regular_doctor_visits,passed_first_fixated,1,1,0,1
110,sub005,Free_Viewing,jogging_physical_activity,passed_first_fixated,1,1,0,1
111,sub005,Free_Viewing,brunch,passed_first_fixated,1,1,0,1
112,sub005,Free_Viewing,hotel,passed_first_fixated,1,1,0,1
113,sub005,Free_Viewing,coffee,passed_first_fixated,1,1,0,1
114,sub005,Free_Viewing,pizza,passed_first_fixated,1,1,0,1
115,sub005,Free_Viewing,recycling,passed_first_fixated,1,1,1,1
116,sub005,Free_Viewing,car_insurance,passed_first_fixated,1,1,0,1
117,sub005,Free_Viewing,fundraising,passed_first_fixated,1,1,0,1
118,sub005,Free_Viewing,museum,passed_first_fixated,1,1,0,1
119,sub005,Free_Viewing,mental_health,passed_first_fixated,1,1,0,1
120,sub005,Free_Viewing,buckle_up,passed_first_fixated,1,1,0,1
121,sub005,Free_Viewing,caffeine_consumption,passed_incept_fixated,1,1,0,1
122,sub005,Free_Viewing,pottery_class,passed_incept_fixated,1,1,0,0
123,sub005,Free_Viewing,HIV,passed_incept_fixated,1,1,0,1
124,sub005,Free_Viewing,texting_driving,passed_incept_fixated,1,1,0,1
125,sub005,Free_Viewing,drug_abuse,passed_incept_fixated,1,1,0,1
126,sub005,Free_Viewing,employee_wellness,passed_incept_fixated,1,1,1,1
127,sub005,Free_Viewing,vaccination,passed_first_notfixated_forgone,0,0,0,1
128,sub005,Free_Viewing,diabetes_awareness,passed_first_notfixated_forgone,0,0,0,0
129,sub005,Free_Viewing,movie_premiere,passed_first_notfixated_forgone,0,1,0,0
130,sub005,Free_Viewing,clothes_sale,passed_first_notfixated_forgone,0,1,0,1
131,sub005,Free_Viewing,healthy_sleep,passed_first_notfixated_forgone,0,1,0,0
132,sub005,Free_Viewing,great_lakes,passed_first_notfixated_forgone,0,1,0,0
133,sub005,Free_Viewing,sun_skin_protection,passed_first_notfixated_forgone,0,1,0,0
134,sub006,Free_Viewing,healthy_diet,passed_first_fixated,1,1,0,1
135,sub006,Free_Viewing,moving_business,passed_first_fixated,1,1,0,0
136,sub006,Free_Viewing,burger,passed_first_fixated,1,1,0,0
137,sub006,Free_Viewing,fundraising,passed_first_fixated,1,1,1,0
138,sub006,Free_Viewing,carpet_cleaning,passed_first_fixated,1,1,1,0
139,sub006,Free_Viewing,caffeine_consumption,passed_first_fixated,1,1,0,0
140,sub006,Free_Viewing,polar_bear,passed_first_fixated,1,1,0,0
141,sub006,Free_Viewing,pizza,passed_first_fixated,1,1,1,0
142,sub006,Free_Viewing,movie_premiere,passed_incept_fixated,1,1,0,0
143,sub006,Free_Viewing,travel_agency,passed_incept_fixated,1,1,0,0
144,sub006,Free_Viewing,museum,passed_incept_fixated,1,1,0,0
145,sub006,Free_Viewing,furniture,passed_incept_fixated,1,1,0,0
146,sub006,Free_Viewing,grocery_store,passed_incept_fixated,1,1,0,0
147,sub006,Free_Viewing,binge_drinking,passed_incept_notfixated_forgone,0,0,0,1
148,sub006,Free_Viewing,diabetes_awareness,passed_first_notfixated_forgone,0,1,0,0
149,sub006,Free_Viewing,buckle_up,passed_first_notfixated_forgone,0,1,0,0
150,sub006,Free_Viewing,handwashing,passed_first_notfixated_forgone,0,0,0,0
151,sub006,Free_Viewing,sun_skin_protection,passed_first_notfixated_forgone,0,0,0,0
152,sub006,Free_Viewing,HIV,passed_first_notfixated_forgone,0,1,0,0
153,sub006,Free_Viewing,vaccination,passed_first_notfixated_forgone,0,0,0,0
154,sub006,Free_Viewing,cosmetics,passed_first_notfixated_forgone,0,1,0,0
155,sub006,Free_Viewing,smoking_cessation,passed_first_notfixated_forgone,0,0,0,0
156,sub006,Free_Viewing,pet_store,passed_first_notfixated_forgone,0,1,0,0
157,sub006,Free_Viewing,mental_health,passed_first_notfixated_forgone,0,1,0,0
158,sub006,Free_Viewing,coffee,passed_first_notfixated_forgone,0,1,0,0
159,sub007,Free_Viewing,pet_store,passed_first_fixated,1,1,0,1
160,sub007,Free_Viewing,travel_agency,passed_first_fixated,1,1,0,0
161,sub007,Free_Viewing,carpet_cleaning,passed_first_fixated,1,1,0,1
162,sub007,Free_Viewing,clothes_sale,passed_first_fixated,1,1,0,1
163,sub007,Free_Viewing,binge_drinking,passed_first_fixated,1,1,0,1
164,sub007,Free_Viewing,vaccination,passed_first_fixated,1,1,0,0
165,sub007,Free_Viewing,burger,passed_first_fixated,1,1,0,1
166,sub007,Free_Viewing,pottery_class,passed_first_fixated,1,1,0,1
167,sub007,Free_Viewing,recycling,passed_first_fixated,1,1,0,1
168,sub007,Free_Viewing,jogging_physical_activity,passed_first_fixated,1,1,1,1
169,sub007,Free_Viewing,furniture,passed_first_fixated,1,1,0,0
170,sub007,Free_Viewing,mental_health,passed_first_fixated,1,1,0,1
171,sub007,Free_Viewing,pizza,passed_first_fixated,1,1,0,1
172,sub007,Free_Viewing,polar_bear,passed_first_fixated,1,1,0,1
173,sub007,Free_Viewing,smartphone,passed_first_fixated,1,1,0,0
174,sub007,Free_Viewing,hotel,passed_first_fixated,1,1,0,0
175,sub007,Free_Viewing,healthy_diet,passed_first_fixated,1,1,0,1
176,sub007,Free_Viewing,drug_abuse,passed_first_fixated,1,1,1,1
177,sub007,Free_Viewing,sun_skin_protection,passed_first_fixated,1,1,0,1
178,sub007,Free_Viewing,fundraising,passed_first_fixated,1,1,0,1
179,sub007,Free_Viewing,cosmetics,passed_first_fixated,1,1,0,0
180,sub007,Free_Viewing,employee_wellness,passed_first_fixated,1,1,0,1
181,sub007,Free_Viewing,diabetes_awareness,passed_first_fixated,1,1,0,1
182,sub007,Free_Viewing,car_insurance,passed_first_fixated,1,1,0,1
183,sub007,Free_Viewing,moving_business,passed_first_fixated,1,1,0,0
184,sub007,Free_Viewing,healthy_sleep,passed_first_fixated,1,1,0,0
185,sub007,Free_Viewing,coffee,passed_first_fixated,1,1,0,1
186,sub007,Free_Viewing,grocery_store,passed_first_fixated,1,1,0,0
187,sub007,Free_Viewing,handwashing,passed_first_fixated,1,1,0,0
188,sub007,Free_Viewing,HIV,passed_first_fixated,1,1,1,1
189,sub007,Free_Viewing,caffeine_consumption,passed_incept_fixated,1,1,1,1
190,sub007,Free_Viewing,buckle_up,passed_incept_fixated,1,1,1,1
191,sub007,Free_Viewing,regular_doctor_visits,passed_incept_fixated,1,1,1,1
192,sub007,Free_Viewing,museum,passed_first_notfixated_forgone,0,1,0,0
193,sub007,Free_Viewing,great_lakes,passed_first_notfixated_forgone,0,1,0,0
194,sub007,Free_Viewing,movie_premiere,passed_first_notfixated_forgone,0,0,0,0
195,sub008,Count_trash_bins,HIV,passed_first_fixated,1,1,0,0
196,sub008,Count_trash_bins,burger,passed_first_fixated,1,1,0,0
197,sub008,Count_trash_bins,coffee,passed_first_fixated,1,1,0,0
198,sub008,Count_trash_bins,smoking_cessation,passed_first_fixated,1,1,0,1
199,sub008,Count_trash_bins,drug_abuse,passed_first_fixated,1,1,1,0
200,sub008,Count_trash_bins,smartphone,passed_incept_fixated,1,1,0,0
201,sub008,Count_trash_bins,movie_premiere,passed_incept_fixated,1,1,0,0
202,sub008,Count_trash_bins,cosmetics,passed_incept_notfixated_forgone,0,1,0,0
203,sub008,Count_trash_bins,furniture,passed_incept_notfixated_forgone,0,0,0,0
204,sub008,Count_trash_bins,vaccination,passed_first_notfixated_forgone,0,0,0,0
205,sub008,Count_trash_bins,great_lakes,passed_first_notfixated_forgone,0,0,0,0
206,sub008,Count_trash_bins,grocery_store,passed_first_notfixated_forgone,0,0,0,1
207,sub008,Count_trash_bins,regular_doctor_visits,passed_first_notfixated_forgone,0,0,0,0
208,sub008,Count_trash_bins,carpet_cleaning,passed_first_notfixated_forgone,0,0,0,0
209,sub008,Count_trash_bins,texting_driving,passed_first_notfixated_forgone,0,0,0,0
210,sub008,Count_trash_bins,recycling,passed_first_notfixated_forgone,0,0,0,0
211,sub008,Count_trash_bins,healthy_sleep,passed_first_notfixated_forgone,0,0,0,0
212,sub008,Count_trash_bins,pet_store,passed_first_notfixated_forgone,0,0,0,0
213,sub008,Count_trash_bins,handwashing,passed_first_notfixated_forgone,0,0,0,0
214,sub008,Count_trash_bins,fundraising,passed_first_notfixated_forgone,0,0,0,0
215,sub008,Count_trash_bins,polar_bear,passed_first_notfixated_forgone,0,1,0,0
216,sub008,Count_trash_bins,jogging_physical_activity,passed_first_notfixated_forgone,0,1,0,0
217,sub008,Count_trash_bins,lawyer,passed_first_notfixated_forgone,0,0,0,0
218,sub008,Count_trash_bins,sun_skin_protection,passed_first_notfixated_forgone,0,0,0,0
219,sub009,Free_Viewing,binge_drinking,passed_first_fixated,1,1,0,1
220,sub009,Free_Viewing,coffee,passed_first_fixated,1,1,0,1
221,sub009,Free_Viewing,hotel,passed_first_fixated,1,1,0,0
222,sub009,Free_Viewing,clothes_sale,passed_first_fixated,1,1,0,0
223,sub009,Free_Viewing,cosmetics,passed_first_fixated,1,1,0,0
224,sub009,Free_Viewing,museum,passed_first_fixated,1,1,0,1
225,sub009,Free_Viewing,brunch,passed_first_fixated,1,1,0,1
226,sub009,Free_Viewing,mental_health,passed_first_fixated,1,1,0,1
227,sub009,Free_Viewing,smartphone,passed_first_fixated,1,1,0,0
228,sub009,Free_Viewing,lawyer,passed_first_fixated,1,1,0,0
229,sub009,Free_Viewing,vaccination,passed_first_fixated,1,1,0,1
230,sub009,Free_Viewing,drug_abuse,passed_first_fixated,1,1,0,0
231,sub009,Free_Viewing,pet_store,passed_first_fixated,1,1,0,0
232,sub009,Free_Viewing,HIV,passed_first_fixated,1,1,0,1
233,sub009,Free_Viewing,carpet_cleaning,passed_first_fixated,1,1,0,0
234,sub009,Free_Viewing,regular_doctor_visits,passed_first_fixated,1,1,0,1
235,sub009,Free_Viewing,pizza,passed_first_fixated,1,1,0,1
236,sub009,Free_Viewing,fundraising,passed_first_fixated,1,1,0,1
237,sub009,Free_Viewing,buckle_up,passed_first_fixated,1,1,0,1
238,sub009,Free_Viewing,sun_skin_protection,passed_first_fixated,1,1,0,1
239,sub009,Free_Viewing,healthy_sleep,passed_first_fixated,1,1,0,0
240,sub009,Free_Viewing,texting_driving,passed_first_fixated,1,1,1,1
241,sub009,Free_Viewing,handwashing,passed_first_fixated,1,1,0,0
242,sub009,Free_Viewing,employee_wellness,passed_first_fixated,1,1,0,1
243,sub009,Free_Viewing,jogging_physical_activity,passed_first_fixated,1,1,0,0
244,sub009,Free_Viewing,grocery_store,passed_incept_fixated,1,1,0,1
245,sub009,Free_Viewing,moving_business,passed_incept_fixated,1,1,0,1
246,sub009,Free_Viewing,furniture,passed_incept_fixated,1,1,0,0
247,sub009,Free_Viewing,pottery_class,passed_first_notfixated_forgone,0,0,0,0
248,sub009,Free_Viewing,healthy_diet,passed_first_notfixated_forgone,0,1,0,1
249,sub009,Free_Viewing,recycling,passed_first_notfixated_forgone,0,0,0,0
250,sub009,Free_Viewing,caffeine_consumption,passed_first_notfixated_forgone,0,1,0,1
251,sub009,Free_Viewing,car_insurance,passed_first_notfixated_forgone,0,0,0,0
252,sub009,Free_Viewing,great_lakes,passed_first_notfixated_forgone,0,0,0,0
253,sub009,Free_Viewing,burger,passed_first_notfixated_forgone,0,0,0,0
254,sub009,Free_Viewing,polar_bear,passed_first_notfixated_forgone,0,0,0,0
255,sub010,Count_trash_bins,coffee,passed_first_fixated,1,1,0,0
256,sub010,Count_trash_bins,handwashing,passed_first_fixated,1,1,0,0
257,sub010,Count_trash_bins,moving_business,passed_incept_fixated,1,1,0,0
258,sub010,Count_trash_bins,jogging_physical_activity,passed_incept_fixated,1,1,0,0
259,sub010,Count_trash_bins,fundraising,passed_incept_notfixated_forgone,0,1,0,0
260,sub010,Count_trash_bins,hotel,passed_incept_notfixated_forgone,0,1,0,0
261,sub010,Count_trash_bins,lawyer,passed_incept_notfixated_forgone,0,0,0,0
262,sub010,Count_trash_bins,drug_abuse,passed_incept_notfixated_forgone,0,1,0,0
263,sub010,Count_trash_bins,smoking_cessation,passed_incept_notfixated_forgone,0,1,0,0
264,sub010,Count_trash_bins,pizza,passed_first_notfixated_forgone,0,0,0,0
265,sub010,Count_trash_bins,diabetes_awareness,passed_first_notfixated_forgone,0,1,0,0
266,sub010,Count_trash_bins,texting_driving,passed_first_notfixated_forgone,0,1,0,1
267,sub010,Count_trash_bins,grocery_store,passed_first_notfixated_forgone,0,0,0,0
268,sub010,Count_trash_bins,pottery_class,passed_first_notfixated_forgone,0,0,0,0
269,sub011,Free_Viewing,brunch,passed_first_fixated,1,1,0,1
270,sub011,Free_Viewing,jogging_physical_activity,passed_first_fixated,1,1,0,0
271,sub011,Free_Viewing,healthy_sleep,passed_first_fixated,1,1,0,1
272,sub011,Free_Viewing,recycling,passed_first_fixated,1,1,0,1
273,sub011,Free_Viewing,coffee,passed_first_fixated,1,1,0,0
274,sub011,Free_Viewing,sun_skin_protection,passed_first_fixated,1,1,0,1
275,sub011,Free_Viewing,buckle_up,passed_first_fixated,1,1,0,0
276,sub011,Free_Viewing,mental_health,passed_first_fixated,1,1,0,0
277,sub011,Free_Viewing,vaccination,passed_first_fixated,1,1,1,1
278,sub011,Free_Viewing,clothes_sale,passed_first_fixated,1,1,0,0
279,sub011,Free_Viewing,moving_business,passed_first_fixated,1,1,0,0
280,sub011,Free_Viewing,HIV,passed_first_fixated,1,1,0,0
281,sub011,Free_Viewing,texting_driving,passed_first_fixated,1,1,0,0
282,sub011,Free_Viewing,carpet_cleaning,passed_first_fixated,1,1,1,1
283,sub011,Free_Viewing,great_lakes,passed_first_fixated,1,1,1,1
284,sub011,Free_Viewing,lawyer,passed_first_fixated,1,1,0,0
285,sub011,Free_Viewing,handwashing,passed_first_fixated,1,1,0,0
286,sub011,Free_Viewing,museum,passed_first_fixated,1,1,0,0
287,sub011,Free_Viewing,polar_bear,passed_first_fixated,1,1,1,1
288,sub011,Free_Viewing,diabetes_awareness,passed_first_fixated,1,1,0,0
289,sub011,Free_Viewing,cosmetics,passed_incept_fixated,1,1,1,1
290,sub011,Free_Viewing,car_insurance,passed_incept_fixated,1,1,0,0
291,sub011,Free_Viewing,caffeine_consumption,passed_incept_fixated,1,1,0,0
292,sub011,Free_Viewing,grocery_store,passed_incept_fixated,1,1,0,0
293,sub011,Free_Viewing,binge_drinking,passed_incept_fixated,1,1,0,0
294,sub011,Free_Viewing,healthy_diet,passed_first_notfixated_forgone,0,0,0,0
295,sub011,Free_Viewing,travel_agency,passed_first_notfixated_forgone,0,0,0,0
296,sub011,Free_Viewing,smartphone,passed_first_notfixated_forgone,0,0,0,0
297,sub012,Count_trash_bins,texting_driving,passed_first_fixated,1,1,0,0
298,sub012,Count_trash_bins,fundraising,passed_first_fixated,1,1,0,0
299,sub012,Count_trash_bins,pottery_class,passed_first_fixated,1,1,0,0
300,sub012,Count_trash_bins,car_insurance,passed_first_fixated,1,1,0,0
301,sub012,Count_trash_bins,burger,passed_first_fixated,1,1,1,1
302,sub012,Count_trash_bins,furniture,passed_incept_fixated,1,1,0,0
303,sub012,Count_trash_bins,smoking_cessation,passed_incept_fixated,1,1,1,1
304,sub012,Count_trash_bins,moving_business,passed_incept_notfixated_forgone,0,0,0,0
305,sub012,Count_trash_bins,diabetes_awareness,passed_incept_notfixated_forgone,0,0,0,0
306,sub012,Count_trash_bins,employee_wellness,passed_incept_notfixated_forgone,0,1,0,0
307,sub012,Count_trash_bins,clothes_sale,passed_incept_notfixated_forgone,0,0,0,0
308,sub012,Count_trash_bins,jogging_physical_activity,passed_first_notfixated_forgone,0,0,0,0
309,sub012,Count_trash_bins,caffeine_consumption,passed_first_notfixated_forgone,0,0,0,0
310,sub012,Count_trash_bins,buckle_up,passed_first_notfixated_forgone,0,1,0,1
311,sub012,Count_trash_bins,drug_abuse,passed_first_notfixated_forgone,0,0,0,0
312,sub012,Count_trash_bins,carpet_cleaning,passed_first_notfixated_forgone,0,0,0,0
313,sub012,Count_trash_bins,lawyer,passed_first_notfixated_forgone,0,0,0,0
314,sub013,Free_Viewing,sun_skin_protection,passed_incept_fixated,1,1,0,1
315,sub013,Free_Viewing,regular_doctor_visits,passed_incept_notfixated_forgone,0,1,0,0
316,sub013,Free_Viewing,smartphone,passed_incept_notfixated_forgone,0,1,0,0
317,sub013,Free_Viewing,clothes_sale,passed_incept_notfixated_forgone,0,1,0,0
318,sub013,Free_Viewing,binge_drinking,passed_incept_notfixated_forgone,0,0,0,0
319,sub013,Free_Viewing,lawyer,passed_incept_notfixated_forgone,0,1,0,0
320,sub013,Free_Viewing,hotel,passed_first_notfixated_forgone,0,0,0,0
321,sub013,Free_Viewing,carpet_cleaning,passed_first_notfixated_forgone,0,0,0,0
322,sub013,Free_Viewing,mental_health,passed_first_notfixated_forgone,0,0,0,0
323,sub013,Free_Viewing,cosmetics,passed_first_notfixated_forgone,0,0,0,0
324,sub013,Free_Viewing,pottery_class,passed_first_notfixated_forgone,0,1,0,0
325,sub013,Free_Viewing,jogging_physical_activity,passed_first_notfixated_forgone,0,0,0,0
326,sub013,Free_Viewing,drug_abuse,passed_first_notfixated_forgone,0,0,0,0
327,sub013,Free_Viewing,healthy_diet,passed_first_notfixated_forgone,0,0,0,0
328,sub013,Free_Viewing,coffee,passed_first_notfixated_forgone,0,0,0,0
329,sub013,Free_Viewing,museum,passed_first_notfixated_forgone,0,0,0,0
330,sub013,Free_Viewing,pizza,passed_first_notfixated_forgone,0,0,0,0
331,sub013,Free_Viewing,HIV,passed_first_notfixated_forgone,0,0,0,0
332,sub013,Free_Viewing,recycling,passed_first_notfixated_forgone,0,0,0,0
333,sub014,Count_trash_bins,furniture,passed_incept_fixated,1,1,0,0
334,sub014,Count_trash_bins,healthy_sleep,passed_incept_notfixated_forgone,0,1,0,0
335,sub014,Count_trash_bins,clothes_sale,passed_incept_notfixated_forgone,0,0,0,0
336,sub014,Count_trash_bins,HIV,passed_incept_notfixated_forgone,0,0,0,0
337,sub014,Count_trash_bins,pet_store,passed_incept_notfixated_forgone,0,0,0,0
338,sub014,Count_trash_bins,employee_wellness,passed_incept_notfixated_forgone,0,1,0,0
339,sub014,Count_trash_bins,carpet_cleaning,passed_incept_notfixated_forgone,0,1,0,0
340,sub014,Count_trash_bins,healthy_diet,passed_incept_notfixated_forgone,0,1,0,0
341,sub014,Count_trash_bins,vaccination,passed_first_notfixated_forgone,0,0,0,0
342,sub014,Count_trash_bins,smartphone,passed_first_notfixated_forgone,0,1,0,0
343,sub015,Count_trash_bins,regular_doctor_visits,passed_first_fixated,1,1,0,1
344,sub015,Count_trash_bins,pizza,passed_first_fixated,1,1,1,1
345,sub015,Count_trash_bins,smoking_cessation,passed_first_fixated,1,1,1,1
346,sub015,Count_trash_bins,burger,passed_incept_fixated,1,1,0,1
347,sub015,Count_trash_bins,healthy_diet,passed_incept_fixated,1,1,1,1
348,sub015,Count_trash_bins,lawyer,passed_incept_notfixated_forgone,0,0,0,0
349,sub015,Count_trash_bins,employee_wellness,passed_incept_notfixated_forgone,0,1,0,1
350,sub015,Count_trash_bins,texting_driving,passed_incept_notfixated_forgone,0,1,0,0
351,sub015,Count_trash_bins,museum,passed_incept_notfixated_forgone,0,1,0,0
352,sub015,Count_trash_bins,sun_skin_protection,passed_incept_notfixated_forgone,0,1,1,0
353,sub015,Count_trash_bins,great_lakes,passed_first_notfixated_forgone,0,0,0,0
354,sub015,Count_trash_bins,diabetes_awareness,passed_first_notfixated_forgone,0,0,0,0
355,sub015,Count_trash_bins,cosmetics,passed_first_notfixated_forgone,0,0,0,0
356,sub015,Count_trash_bins,binge_drinking,passed_first_notfixated_forgone,0,0,0,1
357,sub016,Count_trash_bins,healthy_diet,passed_first_fixated,1,1,0,0
358,sub016,Count_trash_bins,grocery_store,passed_first_fixated,1,1,0,0
359,sub016,Count_trash_bins,healthy_sleep,passed_first_fixated,1,1,0,0
360,sub016,Count_trash_bins,sun_skin_protection,passed_first_fixated,1,1,1,1
361,sub016,Count_trash_bins,travel_agency,passed_first_fixated,1,1,0,1
362,sub016,Count_trash_bins,moving_business,passed_first_fixated,1,1,0,0
363,sub016,Count_trash_bins,buckle_up,passed_incept_fixated,1,1,1,1
364,sub016,Count_trash_bins,brunch,passed_incept_fixated,1,1,1,1
365,sub016,Count_trash_bins,hotel,passed_incept_fixated,1,1,0,0
366,sub016,Count_trash_bins,fundraising,passed_incept_notfixated_forgone,0,1,0,0
367,sub016,Count_trash_bins,handwashing,passed_incept_notfixated_forgone,0,1,0,0
368,sub016,Count_trash_bins,great_lakes,passed_first_notfixated_forgone,0,0,0,0
369,sub016,Count_trash_bins,furniture,passed_first_notfixated_forgone,0,0,0,0
370,sub016,Count_trash_bins,regular_doctor_visits,passed_first_notfixated_forgone,0,0,0,1
371,sub016,Count_trash_bins,car_insurance,passed_first_notfixated_forgone,0,0,0,0
372,sub016,Count_trash_bins,museum,passed_first_notfixated_forgone,0,0,0,0
373,sub016,Count_trash_bins,vaccination,passed_first_notfixated_forgone,0,1,0,0
374,sub016,Count_trash_bins,pizza,passed_first_notfixated_forgone,0,0,0,0
375,sub016,Count_trash_bins,cosmetics,passed_first_notfixated_forgone,0,0,0,0
376,sub016,Count_trash_bins,carpet_cleaning,passed_first_notfixated_forgone,0,1,0,0
377,sub016,Count_trash_bins,employee_wellness,passed_first_notfixated_forgone,0,0,0,0
378,sub016,Count_trash_bins,pet_store,passed_first_notfixated_forgone,0,1,0,0
379,sub016,Count_trash_bins,caffeine_consumption,passed_first_notfixated_forgone,0,0,0,0
380,sub016,Count_trash_bins,texting_driving,passed_first_notfixated_forgone,0,0,0,0
381,sub016,Count_trash_bins,drug_abuse,passed_first_notfixated_forgone,0,1,0,0
382,sub016,Count_trash_bins,mental_health,passed_first_notfixated_forgone,0,1,0,0
383,sub017,Free_Viewing,brunch,passed_first_fixated,1,1,0,0
384,sub017,Free_Viewing,pottery_class,passed_first_fixated,1,1,0,1
385,sub017,Free_Viewing,caffeine_consumption,passed_first_fixated,1,1,0,1
386,sub017,Free_Viewing,coffee,passed_first_fixated,1,1,0,1
387,sub017,Free_Viewing,carpet_cleaning,passed_first_fixated,1,1,0,0
388,sub017,Free_Viewing,burger,passed_first_fixated,1,1,0,0
389,sub017,Free_Viewing,buckle_up,passed_first_fixated,1,1,0,0
390,sub017,Free_Viewing,drug_abuse,passed_first_fixated,1,1,1,1
391,sub017,Free_Viewing,vaccination,passed_first_fixated,1,1,1,1
392,sub017,Free_Viewing,regular_doctor_visits,passed_first_fixated,1,1,0,0
393,sub017,Free_Viewing,healthy_diet,passed_first_fixated,1,1,1,1
394,sub017,Free_Viewing,cosmetics,passed_first_fixated,1,1,0,0
395,sub017,Free_Viewing,pet_store,passed_first_fixated,1,1,0,1
396,sub017,Free_Viewing,lawyer,passed_first_fixated,1,1,0,0
397,sub017,Free_Viewing,mental_health,passed_first_fixated,1,1,0,1
398,sub017,Free_Viewing,hotel,passed_first_fixated,1,1,0,1
399,sub017,Free_Viewing,smoking_cessation,passed_first_fixated,1,1,0,1
400,sub017,Free_Viewing,car_insurance,passed_first_fixated,1,1,1,0
401,sub017,Free_Viewing,smartphone,passed_first_fixated,1,1,0,1
402,sub017,Free_Viewing,grocery_store,passed_first_fixated,1,1,0,1
403,sub017,Free_Viewing,museum,passed_first_fixated,1,1,0,0
404,sub017,Free_Viewing,travel_agency,passed_first_fixated,1,1,0,0
405,sub017,Free_Viewing,handwashing,passed_first_fixated,1,1,0,1
406,sub017,Free_Viewing,fundraising,passed_first_fixated,1,1,0,1
407,sub017,Free_Viewing,polar_bear,passed_first_fixated,1,1,0,1
408,sub017,Free_Viewing,healthy_sleep,passed_first_fixated,1,1,0,0
409,sub017,Free_Viewing,HIV,passed_first_fixated,1,1,0,1
410,sub017,Free_Viewing,clothes_sale,passed_first_fixated,1,1,0,0
411,sub017,Free_Viewing,movie_premiere,passed_first_fixated,1,1,0,1
412,sub017,Free_Viewing,recycling,passed_first_fixated,1,1,0,1
413,sub017,Free_Viewing,pizza,passed_first_fixated,1,1,0,0
414,sub017,Free_Viewing,employee_wellness,passed_incept_fixated,1,1,0,1
415,sub017,Free_Viewing,furniture,passed_incept_fixated,1,1,0,0
416,sub017,Free_Viewing,texting_driving,passed_incept_fixated,1,1,1,0
417,sub017,Free_Viewing,moving_business,passed_first_notfixated_forgone,0,0,0,0
418,sub017,Free_Viewing,binge_drinking,passed_first_notfixated_forgone,0,1,0,0
419,sub018,Count_trash_bins,vaccination,passed_incept_notfixated_forgone,0,0,0,0
420,sub018,Count_trash_bins,binge_drinking,passed_incept_notfixated_forgone,0,0,0,0
421,sub018,Count_trash_bins,pet_store,passed_incept_notfixated_forgone,0,1,0,0
422,sub018,Count_trash_bins,clothes_sale,passed_incept_notfixated_forgone,0,0,0,0
423,sub018,Count_trash_bins,burger,passed_incept_notfixated_forgone,0,1,0,0
424,sub018,Count_trash_bins,fundraising,passed_incept_notfixated_forgone,0,0,0,0
425,sub018,Count_trash_bins,grocery_store,passed_incept_notfixated_forgone,0,1,0,0
426,sub018,Count_trash_bins,jogging_physical_activity,passed_incept_notfixated_forgone,0,1,0,0
427,sub018,Count_trash_bins,recycling,passed_first_notfixated_forgone,0,1,0,0
428,sub018,Count_trash_bins,HIV,passed_first_notfixated_forgone,0,0,0,0
429,sub018,Count_trash_bins,diabetes_awareness,passed_first_notfixated_forgone,0,0,0,0
430,sub018,Count_trash_bins,smartphone,passed_first_notfixated_forgone,0,1,0,0
431,sub018,Count_trash_bins,healthy_diet,passed_first_notfixated_forgone,0,0,0,0
432,sub019,Free_Viewing,moving_business,passed_first_fixated,1,1,0,0
433,sub019,Free_Viewing,employee_wellness,passed_first_fixated,1,1,0,0
434,sub019,Free_Viewing,HIV,passed_first_fixated,1,1,0,1
435,sub019,Free_Viewing,caffeine_consumption,passed_first_fixated,1,1,0,0
436,sub019,Free_Viewing,diabetes_awareness,passed_first_fixated,1,1,1,1
437,sub019,Free_Viewing,healthy_sleep,passed_first_fixated,1,1,1,1
438,sub019,Free_Viewing,clothes_sale,passed_first_fixated,1,1,0,1
439,sub019,Free_Viewing,car_insurance,passed_first_fixated,1,1,0,0
440,sub019,Free_Viewing,great_lakes,passed_first_fixated,1,1,0,1
441,sub019,Free_Viewing,mental_health,passed_first_fixated,1,1,0,1
442,sub019,Free_Viewing,smoking_cessation,passed_first_fixated,1,1,0,1
443,sub019,Free_Viewing,travel_agency,passed_incept_fixated,1,1,0,0
444,sub019,Free_Viewing,handwashing,passed_incept_fixated,1,1,1,1
445,sub019,Free_Viewing,jogging_physical_activity,passed_incept_fixated,1,1,0,0
446,sub019,Free_Viewing,regular_doctor_visits,passed_incept_fixated,1,1,1,1
447,sub019,Free_Viewing,texting_driving,passed_incept_fixated,1,1,0,1
448,sub019,Free_Viewing,brunch,passed_first_notfixated_forgone,0,1,0,0
449,sub019,Free_Viewing,binge_drinking,passed_first_notfixated_forgone,0,0,0,0
450,sub019,Free_Viewing,grocery_store,passed_first_notfixated_forgone,0,1,0,0
451,sub019,Free_Viewing,sun_skin_protection,passed_first_notfixated_forgone,0,0,0,0
452,sub019,Free_Viewing,burger,passed_first_notfixated_forgone,0,1,0,0
453,sub019,Free_Viewing,cosmetics,passed_first_notfixated_forgone,0,1,0,0
454,sub019,Free_Viewing,buckle_up,passed_first_notfixated_forgone,0,1,0,1
455,sub019,Free_Viewing,fundraising,passed_first_notfixated_forgone,0,1,0,0
456,sub020,Count_trash_bins,furniture,passed_first_fixated,1,1,0,0
457,sub020,Count_trash_bins,grocery_store,passed_first_fixated,1,1,0,0
458,sub020,Count_trash_bins,recycling,passed_incept_fixated,1,1,0,0
459,sub020,Count_trash_bins,mental_health,passed_incept_fixated,1,1,0,0
460,sub020,Count_trash_bins,caffeine_consumption,passed_incept_notfixated_forgone,0,1,1,1
461,sub020,Count_trash_bins,healthy_diet,passed_incept_notfixated_forgone,0,0,0,0
462,sub020,Count_trash_bins,cosmetics,passed_incept_notfixated_forgone,0,0,0,0
463,sub020,Count_trash_bins,polar_bear,passed_incept_notfixated_forgone,0,1,0,0
464,sub020,Count_trash_bins,coffee,passed_first_notfixated_forgone,0,0,0,0
465,sub020,Count_trash_bins,binge_drinking,passed_first_notfixated_forgone,0,0,0,0
466,sub020,Count_trash_bins,brunch,passed_first_notfixated_forgone,0,0,0,0
467,sub020,Count_trash_bins,pizza,passed_first_notfixated_forgone,0,0,0,0
468,sub020,Count_trash_bins,clothes_sale,passed_first_notfixated_forgone,0,0,0,0
469,sub020,Count_trash_bins,jogging_physical_activity,passed_first_notfixated_forgone,0,0,0,0
470,sub020,Count_trash_bins,healthy_sleep,passed_first_notfixated_forgone,0,1,0,0
471,sub020,Count_trash_bins,vaccination,passed_first_notfixated_forgone,0,0,0,0
472,sub020,Count_trash_bins,hotel,passed_first_notfixated_forgone,0,1,0,0
473,sub020,Count_trash_bins,lawyer,passed_first_notfixated_forgone,0,0,0,0
474,sub021,Free_Viewing,binge_drinking,passed_first_fixated,1,1,0,0
475,sub021,Free_Viewing,healthy_diet,passed_first_fixated,1,1,0,0
476,sub021,Free_Viewing,vaccination,passed_first_fixated,1,1,0,0
477,sub021,Free_Viewing,car_insurance,passed_first_fixated,1,1,0,1
478,sub021,Free_Viewing,cosmetics,passed_first_fixated,1,1,0,1
479,sub021,Free_Viewing,grocery_store,passed_first_fixated,1,1,0,0
480,sub021,Free_Viewing,pizza,passed_first_fixated,1,1,0,0
481,sub021,Free_Viewing,fundraising,passed_first_fixated,1,1,0,1
482,sub021,Free_Viewing,sun_skin_protection,passed_first_fixated,1,1,1,1
483,sub021,Free_Viewing,polar_bear,passed_first_fixated,1,1,0,1
484,sub021,Free_Viewing,furniture,passed_first_fixated,1,1,0,0
485,sub021,Free_Viewing,handwashing,passed_first_fixated,1,1,1,1
486,sub021,Free_Viewing,texting_driving,passed_first_fixated,1,1,0,0
487,sub021,Free_Viewing,hotel,passed_first_fixated,1,1,0,0
488,sub021,Free_Viewing,pottery_class,passed_first_fixated,1,1,0,0
489,sub021,Free_Viewing,buckle_up,passed_first_fixated,1,1,1,1
490,sub021,Free_Viewing,smoking_cessation,passed_first_fixated,1,1,1,1
491,sub021,Free_Viewing,coffee,passed_first_fixated,1,1,0,1
492,sub021,Free_Viewing,employee_wellness,passed_incept_fixated,1,1,0,1
493,sub021,Free_Viewing,jogging_physical_activity,passed_incept_fixated,1,1,0,0
494,sub021,Free_Viewing,pet_store,passed_incept_fixated,1,1,1,1
495,sub021,Free_Viewing,drug_abuse,passed_incept_fixated,1,1,0,0
496,sub021,Free_Viewing,mental_health,passed_first_notfixated_forgone,0,0,0,0
497,sub021,Free_Viewing,travel_agency,passed_first_notfixated_forgone,0,0,0,0
498,sub021,Free_Viewing,movie_premiere,passed_first_notfixated_forgone,0,0,0,0
499,sub021,Free_Viewing,HIV,passed_first_notfixated_forgone,0,1,0,1
500,sub021,Free_Viewing,carpet_cleaning,passed_first_notfixated_forgone,0,1,0,0
501,sub021,Free_Viewing,regular_doctor_visits,passed_first_notfixated_forgone,0,0,0,0
502,sub022,Count_trash_bins,sun_skin_protection,passed_first_fixated,1,1,0,0
503,sub022,Count_trash_bins,fundraising,passed_first_fixated,1,1,0,0
504,sub022,Count_trash_bins,healthy_sleep,passed_first_fixated,1,1,0,0
505,sub022,Count_trash_bins,buckle_up,passed_first_fixated,1,1,0,0
506,sub022,Count_trash_bins,pottery_class,passed_incept_fixated,1,1,0,0
507,sub022,Count_trash_bins,HIV,passed_incept_fixated,1,1,1,1
508,sub022,Count_trash_bins,movie_premiere,passed_incept_fixated,1,1,0,0
509,sub022,Count_trash_bins,car_insurance,passed_incept_fixated,1,1,0,0
510,sub022,Count_trash_bins,drug_abuse,passed_incept_fixated,1,1,0,0
511,sub022,Count_trash_bins,mental_health,passed_incept_fixated,1,1,0,0
512,sub022,Count_trash_bins,clothes_sale,passed_incept_fixated,1,1,0,0
513,sub022,Count_trash_bins,caffeine_consumption,passed_incept_notfixated_forgone,0,0,0,0
514,sub022,Count_trash_bins,travel_agency,passed_first_notfixated_forgone,0,0,0,0
515,sub022,Count_trash_bins,employee_wellness,passed_first_notfixated_forgone,0,0,0,0
516,sub022,Count_trash_bins,regular_doctor_visits,passed_first_notfixated_forgone,0,0,0,0
517,sub022,Count_trash_bins,grocery_store,passed_first_notfixated_forgone,0,0,0,0
518,sub022,Count_trash_bins,brunch,passed_first_notfixated_forgone,0,0,0,0
519,sub022,Count_trash_bins,smoking_cessation,passed_first_notfixated_forgone,0,0,0,0
520,sub022,Count_trash_bins,binge_drinking,passed_first_notfixated_forgone,0,1,0,0
521,sub022,Count_trash_bins,texting_driving,passed_first_notfixated_forgone,0,1,0,0
522,sub022,Count_trash_bins,pet_store,passed_first_notfixated_forgone,0,1,0,0
523,sub022,Count_trash_bins,furniture,passed_first_notfixated_forgone,0,0,0,0
524,sub023,Free_Viewing,movie_premiere,passed_first_fixated,1,1,0,1
525,sub023,Free_Viewing,travel_agency,passed_first_fixated,1,1,0,1
526,sub023,Free_Viewing,lawyer,passed_first_fixated,1,1,0,1
527,sub023,Free_Viewing,pet_store,passed_first_fixated,1,1,0,0
528,sub023,Free_Viewing,pizza,passed_first_fixated,1,1,0,1
529,sub023,Free_Viewing,mental_health,passed_first_fixated,1,1,0,1
530,sub023,Free_Viewing,binge_drinking,passed_first_fixated,1,1,0,1
531,sub023,Free_Viewing,hotel,passed_first_fixated,1,1,0,1
532,sub023,Free_Viewing,moving_business,passed_first_fixated,1,1,0,1
533,sub023,Free_Viewing,furniture,passed_first_fixated,1,1,0,1
534,sub023,Free_Viewing,handwashing,passed_first_fixated,1,1,0,1
535,sub023,Free_Viewing,regular_doctor_visits,passed_first_fixated,1,1,0,1
536,sub023,Free_Viewing,HIV,passed_first_fixated,1,1,1,1
537,sub023,Free_Viewing,coffee,passed_first_fixated,1,1,0,1
538,sub023,Free_Viewing,smartphone,passed_first_fixated,1,1,0,0
539,sub023,Free_Viewing,sun_skin_protection,passed_first_fixated,1,1,0,1
540,sub023,Free_Viewing,brunch,passed_first_fixated,1,1,1,1
541,sub023,Free_Viewing,fundraising,passed_first_fixated,1,1,0,1
542,sub023,Free_Viewing,vaccination,passed_first_fixated,1,1,1,1
543,sub023,Free_Viewing,museum,passed_first_fixated,1,1,0,1
544,sub023,Free_Viewing,diabetes_awareness,passed_incept_fixated,1,1,0,1
545,sub023,Free_Viewing,grocery_store,passed_incept_fixated,1,1,0,1
546,sub023,Free_Viewing,great_lakes,passed_incept_fixated,1,1,1,1
547,sub023,Free_Viewing,carpet_cleaning,passed_incept_fixated,1,1,1,1
548,sub023,Free_Viewing,caffeine_consumption,passed_first_notfixated_forgone,0,0,0,0
549,sub023,Free_Viewing,buckle_up,passed_first_notfixated_forgone,0,1,0,0
550,sub023,Free_Viewing,car_insurance,passed_first_notfixated_forgone,0,0,0,0
551,sub023,Free_Viewing,drug_abuse,passed_first_notfixated_forgone,0,0,0,0
552,sub023,Free_Viewing,healthy_diet,passed_first_notfixated_forgone,0,1,0,1
553,sub023,Free_Viewing,recycling,passed_first_notfixated_forgone,0,1,1,0
554,sub023,Free_Viewing,healthy_sleep,passed_first_notfixated_forgone,0,0,0,0
555,sub024,Count_trash_bins,pizza,passed_first_fixated,1,1,0,0
556,sub024,Count_trash_bins,hotel,passed_first_fixated,1,1,0,0
557,sub024,Count_trash_bins,binge_drinking,passed_first_fixated,1,1,0,1
558,sub024,Count_trash_bins,carpet_cleaning,passed_incept_fixated,1,1,0,0
559,sub024,Count_trash_bins,smartphone,passed_incept_fixated,1,1,0,1
560,sub024,Count_trash_bins,smoking_cessation,passed_incept_fixated,1,1,1,1
561,sub024,Count_trash_bins,healthy_diet,passed_incept_notfixated_forgone,0,0,0,0
562,sub024,Count_trash_bins,employee_wellness,passed_incept_notfixated_forgone,0,1,0,0
563,sub024,Count_trash_bins,handwashing,passed_incept_notfixated_forgone,0,1,0,0
564,sub024,Count_trash_bins,texting_driving,passed_incept_notfixated_forgone,0,1,1,1
565,sub024,Count_trash_bins,coffee,passed_first_notfixated_forgone,0,0,0,0
566,sub024,Count_trash_bins,diabetes_awareness,passed_first_notfixated_forgone,0,0,0,0
567,sub024,Count_trash_bins,fundraising,passed_first_notfixated_forgone,0,0,0,1
568,sub024,Count_trash_bins,clothes_sale,passed_first_notfixated_forgone,0,0,0,0
569,sub024,Count_trash_bins,burger,passed_first_notfixated_forgone,0,0,0,0
570,sub024,Count_trash_bins,healthy_sleep,passed_first_notfixated_forgone,0,0,0,0
571,sub024,Count_trash_bins,sun_skin_protection,passed_first_notfixated_forgone,0,1,0,0
572,sub024,Count_trash_bins,mental_health,passed_first_notfixated_forgone,0,0,0,1
573,sub024,Count_trash_bins,pet_store,passed_first_notfixated_forgone,0,0,0,0
574,sub024,Count_trash_bins,lawyer,passed_first_notfixated_forgone,0,0,0,0
575,sub024,Count_trash_bins,HIV,passed_first_notfixated_forgone,0,1,0,1
576,sub025,Free_Viewing,healthy_diet,passed_first_fixated,1,1,0,1
577,sub025,Free_Viewing,movie_premiere,passed_first_fixated,1,1,0,0
578,sub025,Free_Viewing,HIV,passed_first_fixated,1,1,0,0
579,sub025,Free_Viewing,moving_business,passed_first_fixated,1,1,0,0
580,sub025,Free_Viewing,fundraising,passed_first_fixated,1,1,1,1
581,sub025,Free_Viewing,travel_agency,passed_incept_fixated,1,1,0,0
582,sub025,Free_Viewing,drug_abuse,passed_incept_fixated,1,1,1,0
583,sub025,Free_Viewing,clothes_sale,passed_incept_notfixated_forgone,0,1,0,0
584,sub025,Free_Viewing,buckle_up,passed_incept_notfixated_forgone,0,1,0,0
585,sub025,Free_Viewing,museum,passed_incept_notfixated_forgone,0,1,0,0
586,sub025,Free_Viewing,pottery_class,passed_first_notfixated_forgone,0,0,0,0
587,sub025,Free_Viewing,grocery_store,passed_first_notfixated_forgone,0,0,0,0
588,sub025,Free_Viewing,mental_health,passed_first_notfixated_forgone,0,1,0,0
589,sub025,Free_Viewing,handwashing,passed_first_notfixated_forgone,0,0,0,0
590,sub025,Free_Viewing,recycling,passed_first_notfixated_forgone,0,0,0,0
591,sub025,Free_Viewing,brunch,passed_first_notfixated_forgone,0,0,0,0
592,sub025,Free_Viewing,caffeine_consumption,passed_first_notfixated_forgone,0,1,0,0
593,sub025,Free_Viewing,regular_doctor_visits,passed_first_notfixated_forgone,0,1,0,0
594,sub025,Free_Viewing,car_insurance,passed_first_notfixated_forgone,0,0,0,0
595,sub025,Free_Viewing,great_lakes,passed_first_notfixated_forgone,0,0,0,0
596,sub025,Free_Viewing,employee_wellness,passed_first_notfixated_forgone,0,0,0,0
597,sub026,Count_trash_bins,vaccination,passed_first_fixated,1,1,0,0
598,sub026,Count_trash_bins,burger,passed_first_fixated,1,1,0,1
599,sub026,Count_trash_bins,furniture,passed_first_fixated,1,1,0,1
600,sub026,Count_trash_bins,drug_abuse,passed_first_fixated,1,1,0,1
601,sub026,Count_trash_bins,pet_store,passed_incept_notfixated_forgone,0,1,0,0
602,sub026,Count_trash_bins,hotel,passed_incept_notfixated_forgone,0,0,0,0
603,sub026,Count_trash_bins,polar_bear,passed_incept_notfixated_forgone,0,1,0,0
604,sub026,Count_trash_bins,car_insurance,passed_incept_notfixated_forgone,0,0,0,1
605,sub026,Count_trash_bins,fundraising,passed_incept_notfixated_forgone,0,1,0,0
606,sub026,Count_trash_bins,moving_business,passed_incept_notfixated_forgone,0,1,0,0
607,sub026,Count_trash_bins,brunch,passed_first_notfixated_forgone,0,0,0,0
608,sub026,Count_trash_bins,lawyer,passed_first_notfixated_forgone,0,1,0,0
609,sub026,Count_trash_bins,healthy_sleep,passed_first_notfixated_forgone,0,1,0,0
610,sub026,Count_trash_bins,diabetes_awareness,passed_first_notfixated_forgone,0,1,0,0
611,sub026,Count_trash_bins,buckle_up,passed_first_notfixated_forgone,0,0,0,0
612,sub026,Count_trash_bins,texting_driving,passed_first_notfixated_forgone,0,0,0,1
613,sub026,Count_trash_bins,jogging_physical_activity,passed_first_notfixated_forgone,0,0,0,1
614,sub026,Count_trash_bins,movie_premiere,passed_first_notfixated_forgone,0,0,0,0
615,sub027,Free_Viewing,travel_agency,passed_first_fixated,1,1,0,0
616,sub027,Free_Viewing,sun_skin_protection,passed_first_fixated,1,1,0,0
617,sub027,Free_Viewing,brunch,passed_first_fixated,1,1,0,0
618,sub027,Free_Viewing,hotel,passed_first_fixated,1,1,0,0
619,sub027,Free_Viewing,buckle_up,passed_incept_fixated,1,1,1,1
620,sub027,Free_Viewing,binge_drinking,passed_incept_fixated,1,1,0,1
621,sub027,Free_Viewing,pizza,passed_incept_fixated,1,1,1,1
622,sub027,Free_Viewing,caffeine_consumption,passed_incept_fixated,1,1,0,0
623,sub027,Free_Viewing,lawyer,passed_incept_notfixated_forgone,0,1,0,0
624,sub027,Free_Viewing,fundraising,passed_incept_notfixated_forgone,0,1,0,0
625,sub027,Free_Viewing,employee_wellness,passed_incept_notfixated_forgone,0,1,0,1
626,sub027,Free_Viewing,cosmetics,passed_first_notfixated_forgone,0,0,0,0
627,sub027,Free_Viewing,clothes_sale,passed_first_notfixated_forgone,0,1,0,0
628,sub027,Free_Viewing,regular_doctor_visits,passed_first_notfixated_forgone,0,0,0,0
629,sub027,Free_Viewing,moving_business,passed_first_notfixated_forgone,0,0,0,0
630,sub027,Free_Viewing,handwashing,passed_first_notfixated_forgone,0,0,0,0
631,sub027,Free_Viewing,HIV,passed_first_notfixated_forgone,0,0,0,0
632,sub027,Free_Viewing,smartphone,passed_first_notfixated_forgone,0,1,0,0
633,sub028,Count_trash_bins,moving_business,passed_incept_notfixated_forgone,0,0,0,0
634,sub028,Count_trash_bins,sun_skin_protection,passed_incept_notfixated_forgone,0,1,0,0
635,sub028,Count_trash_bins,mental_health,passed_incept_notfixated_forgone,0,0,0,0
636,sub028,Count_trash_bins,smoking_cessation,passed_incept_notfixated_forgone,0,0,0,0
637,sub028,Count_trash_bins,brunch,passed_incept_notfixated_forgone,0,1,0,0
638,sub028,Count_trash_bins,smartphone,passed_incept_notfixated_forgone,0,1,0,0
639,sub028,Count_trash_bins,great_lakes,passed_incept_notfixated_forgone,0,1,0,0
640,sub028,Count_trash_bins,grocery_store,passed_first_notfixated_forgone,0,0,0,0
641,sub028,Count_trash_bins,pizza,passed_first_notfixated_forgone,0,0,0,0
642,sub028,Count_trash_bins,fundraising,passed_first_notfixated_forgone,0,1,0,0
643,sub028,Count_trash_bins,pottery_class,passed_first_notfixated_forgone,0,0,0,0
644,sub029,Free_Viewing,sun_skin_protection,passed_first_fixated,1,1,0,0
645,sub029,Free_Viewing,great_lakes,passed_first_fixated,1,1,0,0
646,sub029,Free_Viewing,grocery_store,passed_first_fixated,1,1,0,0
647,sub029,Free_Viewing,pottery_class,passed_first_fixated,1,1,0,1
648,sub029,Free_Viewing,coffee,passed_first_fixated,1,1,0,1
649,sub029,Free_Viewing,fundraising,passed_first_fixated,1,1,0,1
650,sub029,Free_Viewing,healthy_diet,passed_first_fixated,1,1,1,1
651,sub029,Free_Viewing,diabetes_awareness,passed_first_fixated,1,1,0,1
652,sub029,Free_Viewing,brunch,passed_first_fixated,1,1,0,0
653,sub029,Free_Viewing,cosmetics,passed_first_fixated,1,1,0,1
654,sub029,Free_Viewing,drug_abuse,passed_first_fixated,1,1,0,1
655,sub029,Free_Viewing,moving_business,passed_first_fixated,1,1,0,0
656,sub029,Free_Viewing,binge_drinking,passed_first_fixated,1,1,1,1
657,sub029,Free_Viewing,hotel,passed_first_fixated,1,1,0,1
658,sub029,Free_Viewing,travel_agency,passed_first_fixated,1,1,1,1
659,sub029,Free_Viewing,pizza,passed_first_fixated,1,1,0,1
660,sub029,Free_Viewing,caffeine_consumption,passed_first_fixated,1,1,0,1
661,sub029,Free_Viewing,recycling,passed_first_fixated,1,1,1,1
662,sub029,Free_Viewing,lawyer,passed_first_fixated,1,1,0,0
663,sub029,Free_Viewing,healthy_sleep,passed_first_fixated,1,1,1,1
664,sub029,Free_Viewing,buckle_up,passed_first_fixated,1,1,0,0
665,sub029,Free_Viewing,furniture,passed_first_fixated,1,1,0,0
666,sub029,Free_Viewing,burger,passed_first_fixated,1,1,1,1
667,sub029,Free_Viewing,regular_doctor_visits,passed_first_fixated,1,1,0,1
668,sub029,Free_Viewing,handwashing,passed_first_fixated,1,1,0,1
669,sub029,Free_Viewing,polar_bear,passed_first_fixated,1,1,0,1
670,sub029,Free_Viewing,movie_premiere,passed_first_fixated,1,1,0,0
671,sub029,Free_Viewing,clothes_sale,passed_first_fixated,1,1,0,1
672,sub029,Free_Viewing,museum,passed_incept_fixated,1,1,0,0
673,sub029,Free_Viewing,HIV,passed_incept_fixated,1,1,0,1
674,sub029,Free_Viewing,car_insurance,passed_incept_fixated,1,1,0,0
675,sub029,Free_Viewing,pet_store,passed_incept_fixated,1,1,0,1
676,sub029,Free_Viewing,vaccination,passed_incept_fixated,1,1,0,1
677,sub029,Free_Viewing,texting_driving,passed_first_notfixated_forgone,0,1,1,1
678,sub029,Free_Viewing,smoking_cessation,passed_first_notfixated_forgone,0,0,1,1
679,sub030,Count_trash_bins,binge_drinking,passed_first_fixated,1,1,0,0
680,sub030,Count_trash_bins,fundraising,passed_first_fixated,1,1,0,0
681,sub030,Count_trash_bins,lawyer,passed_first_fixated,1,1,0,0
682,sub030,Count_trash_bins,grocery_store,passed_incept_notfixated_forgone,0,1,0,0
683,sub030,Count_trash_bins,coffee,passed_incept_notfixated_forgone,0,1,0,0
684,sub030,Count_trash_bins,diabetes_awareness,passed_incept_notfixated_forgone,0,1,0,0
685,sub030,Count_trash_bins,healthy_diet,passed_incept_notfixated_forgone,0,1,0,0
686,sub030,Count_trash_bins,pizza,passed_incept_notfixated_forgone,0,1,0,1
687,sub030,Count_trash_bins,buckle_up,passed_first_notfixated_forgone,0,0,0,0
688,sub030,Count_trash_bins,car_insurance,passed_first_notfixated_forgone,0,0,0,0
689,sub030,Count_trash_bins,handwashing,passed_first_notfixated_forgone,0,0,0,1
690,sub030,Count_trash_bins,recycling,passed_first_notfixated_forgone,0,0,0,0
691,sub030,Count_trash_bins,hotel,passed_first_notfixated_forgone,0,0,0,0
692,sub030,Count_trash_bins,travel_agency,passed_first_notfixated_forgone,0,0,0,0
693,sub030,Count_trash_bins,pottery_class,passed_first_notfixated_forgone,0,0,0,0
694,sub030,Count_trash_bins,drug_abuse,passed_first_notfixated_forgone,0,0,0,0
695,sub030,Count_trash_bins,museum,passed_first_notfixated_forgone,0,1,0,0
696,sub030,Count_trash_bins,great_lakes,passed_first_notfixated_forgone,0,0,0,0
697,sub030,Count_trash_bins,healthy_sleep,passed_first_notfixated_forgone,0,0,0,0
698,sub030,Count_trash_bins,clothes_sale,passed_first_notfixated_forgone,0,0,0,1
699,sub031,Free_Viewing,HIV,passed_first_fixated,1,1,0,0
700,sub031,Free_Viewing,drug_abuse,passed_first_fixated,1,1,0,0
701,sub031,Free_Viewing,pet_store,passed_first_fixated,1,1,0,0
702,sub031,Free_Viewing,moving_business,passed_first_fixated,1,1,0,0
703,sub031,Free_Viewing,burger,passed_first_fixated,1,1,0,0
704,sub031,Free_Viewing,healthy_sleep,passed_first_fixated,1,1,1,1
705,sub031,Free_Viewing,handwashing,passed_first_fixated,1,1,0,1
706,sub031,Free_Viewing,mental_health,passed_first_fixated,1,1,0,0
707,sub031,Free_Viewing,hotel,passed_first_fixated,1,1,0,0
708,sub031,Free_Viewing,fundraising,passed_first_fixated,1,1,0,0
709,sub031,Free_Viewing,smoking_cessation,passed_first_fixated,1,1,0,1
710,sub031,Free_Viewing,pizza,passed_first_fixated,1,1,0,0
711,sub031,Free_Viewing,healthy_diet,passed_first_fixated,1,1,0,1
712,sub031,Free_Viewing,diabetes_awareness,passed_first_fixated,1,1,0,0
713,sub031,Free_Viewing,smartphone,passed_first_fixated,1,1,0,0
714,sub031,Free_Viewing,museum,passed_incept_fixated,1,1,0,0
715,sub031,Free_Viewing,coffee,passed_incept_fixated,1,1,0,1
716,sub031,Free_Viewing,cosmetics,passed_incept_fixated,1,1,0,0
717,sub031,Free_Viewing,texting_driving,passed_incept_fixated,1,1,1,1
718,sub031,Free_Viewing,caffeine_consumption,passed_incept_fixated,1,1,1,1
719,sub031,Free_Viewing,pottery_class,passed_incept_fixated,1,1,0,0
720,sub031,Free_Viewing,great_lakes,passed_incept_fixated,1,1,0,0
721,sub031,Free_Viewing,travel_agency,passed_first_notfixated_forgone,0,1,0,0
722,sub031,Free_Viewing,carpet_cleaning,passed_first_notfixated_forgone,0,1,0,0
723,sub031,Free_Viewing,movie_premiere,passed_first_notfixated_forgone,0,1,0,0
724,sub031,Free_Viewing,furniture,passed_first_notfixated_forgone,0,1,0,0
725,sub032,Count_trash_bins,HIV,passed_first_fixated,1,1,0,1
726,sub032,Count_trash_bins,travel_agency,passed_first_fixated,1,1,0,0
727,sub032,Count_trash_bins,regular_doctor_visits,passed_first_fixated,1,1,1,1
728,sub032,Count_trash_bins,brunch,passed_first_fixated,1,1,0,1
729,sub032,Count_trash_bins,healthy_diet,passed_first_fixated,1,1,0,1
730,sub032,Count_trash_bins,jogging_physical_activity,passed_first_fixated,1,1,1,1
731,sub032,Count_trash_bins,car_insurance,passed_incept_fixated,1,1,0,1
732,sub032,Count_trash_bins,binge_drinking,passed_incept_fixated,1,1,0,1
733,sub032,Count_trash_bins,pottery_class,passed_incept_notfixated_forgone,0,0,0,0
734,sub032,Count_trash_bins,employee_wellness,passed_incept_notfixated_forgone,0,1,0,1
735,sub032,Count_trash_bins,fundraising,passed_first_notfixated_forgone,0,0,0,0
736,sub032,Count_trash_bins,clothes_sale,passed_first_notfixated_forgone,0,0,0,0
737,sub032,Count_trash_bins,smartphone,passed_first_notfixated_forgone,0,0,0,0
738,sub032,Count_trash_bins,moving_business,passed_first_notfixated_forgone,0,0,0,1
739,sub032,Count_trash_bins,grocery_store,passed_first_notfixated_forgone,0,0,0,0
740,sub032,Count_trash_bins,vaccination,passed_first_notfixated_forgone,0,0,0,1
741,sub032,Count_trash_bins,pizza,passed_first_notfixated_forgone,0,0,0,0
742,sub032,Count_trash_bins,pet_store,passed_first_notfixated_forgone,0,1,0,0
743,sub032,Count_trash_bins,movie_premiere,passed_first_notfixated_forgone,0,0,0,0
744,sub032,Count_trash_bins,great_lakes,passed_first_notfixated_forgone,0,0,0,0
745,sub032,Count_trash_bins,healthy_sleep,passed_first_notfixated_forgone,0,0,0,0
746,sub032,Count_trash_bins,smoking_cessation,passed_first_notfixated_forgone,0,0,0,0
747,sub032,Count_trash_bins,hotel,passed_first_notfixated_forgone,0,0,0,1
748,sub032,Count_trash_bins,furniture,passed_first_notfixated_forgone,0,0,0,0
749,sub032,Count_trash_bins,polar_bear,passed_first_notfixated_forgone,0,1,0,1
750,sub032,Count_trash_bins,buckle_up,passed_first_notfixated_forgone,0,1,1,1
751,sub032,Count_trash_bins,mental_health,passed_first_notfixated_forgone,0,0,0,1
752,sub032,Count_trash_bins,sun_skin_protection,passed_first_notfixated_forgone,0,0,0,0
753,sub033,Free_Viewing,binge_drinking,passed_first_fixated,1,1,0,1
754,sub033,Free_Viewing,diabetes_awareness,passed_first_fixated,1,1,0,0
755,sub033,Free_Viewing,buckle_up,passed_first_fixated,1,1,0,1
756,sub033,Free_Viewing,hotel,passed_first_fixated,1,1,0,1
757,sub033,Free_Viewing,fundraising,passed_first_fixated,1,1,0,0
758,sub033,Free_Viewing,grocery_store,passed_first_fixated,1,1,0,0
759,sub033,Free_Viewing,travel_agency,passed_first_fixated,1,1,1,0
760,sub033,Free_Viewing,lawyer,passed_first_fixated,1,1,0,0
761,sub033,Free_Viewing,movie_premiere,passed_first_fixated,1,1,0,1
762,sub033,Free_Viewing,employee_wellness,passed_first_fixated,1,1,0,0
763,sub033,Free_Viewing,healthy_diet,passed_first_fixated,1,1,0,1
764,sub033,Free_Viewing,cosmetics,passed_first_fixated,1,1,1,0
765,sub033,Free_Viewing,burger,passed_first_fixated,1,1,0,0
766,sub033,Free_Viewing,great_lakes,passed_first_fixated,1,1,1,1
767,sub033,Free_Viewing,coffee,passed_first_fixated,1,1,0,1
768,sub033,Free_Viewing,carpet_cleaning,passed_first_fixated,1,1,0,0
769,sub033,Free_Viewing,caffeine_consumption,passed_first_fixated,1,1,0,1
770,sub033,Free_Viewing,brunch,passed_first_fixated,1,1,0,0
771,sub033,Free_Viewing,car_insurance,passed_first_fixated,1,1,0,1
772,sub033,Free_Viewing,handwashing,passed_first_fixated,1,1,0,1
773,sub033,Free_Viewing,smoking_cessation,passed_first_fixated,1,1,1,1
774,sub033,Free_Viewing,pet_store,passed_first_fixated,1,1,0,0
775,sub033,Free_Viewing,museum,passed_first_fixated,1,1,0,1
776,sub033,Free_Viewing,jogging_physical_activity,passed_first_fixated,1,1,0,0
777,sub033,Free_Viewing,HIV,passed_incept_fixated,1,1,0,0
778,sub033,Free_Viewing,pizza,passed_incept_fixated,1,1,0,0
779,sub033,Free_Viewing,regular_doctor_visits,passed_incept_fixated,1,1,0,1
780,sub033,Free_Viewing,pottery_class,passed_first_notfixated_forgone,0,0,0,0
781,sub033,Free_Viewing,sun_skin_protection,passed_first_notfixated_forgone,0,1,0,1
782,sub033,Free_Viewing,vaccination,passed_first_notfixated_forgone,0,0,0,1
783,sub033,Free_Viewing,smartphone,passed_first_notfixated_forgone,0,1,0,0
784,sub033,Free_Viewing,drug_abuse,passed_first_notfixated_forgone,0,1,0,1
785,sub033,Free_Viewing,mental_health,passed_first_notfixated_forgone,0,0,0,1
786,sub033,Free_Viewing,polar_bear,passed_first_notfixated_forgone,0,0,0,1
787,sub033,Free_Viewing,texting_driving,passed_first_notfixated_forgone,0,1,0,1
788,sub033,Free_Viewing,clothes_sale,passed_first_notfixated_forgone,0,1,0,1
789,sub034,Count_trash_bins,car_insurance,passed_first_fixated,1,1,0,0
790,sub034,Count_trash_bins,healthy_sleep,passed_first_fixated,1,1,0,1
791,sub034,Count_trash_bins,great_lakes,passed_incept_fixated,1,1,0,0
792,sub034,Count_trash_bins,pet_store,passed_incept_fixated,1,1,1,1
793,sub034,Count_trash_bins,coffee,passed_incept_fixated,1,1,0,0
794,sub034,Count_trash_bins,movie_premiere,passed_incept_fixated,1,1,0,0
795,sub034,Count_trash_bins,handwashing,passed_incept_fixated,1,1,0,0
796,sub034,Count_trash_bins,moving_business,passed_incept_notfixated_forgone,0,0,0,0
797,sub034,Count_trash_bins,furniture,passed_incept_notfixated_forgone,0,1,0,0
798,sub034,Count_trash_bins,travel_agency,passed_first_notfixated_forgone,0,1,0,0
799,sub034,Count_trash_bins,lawyer,passed_first_notfixated_forgone,0,0,0,0
800,sub034,Count_trash_bins,employee_wellness,passed_first_notfixated_forgone,0,0,0,1
801,sub034,Count_trash_bins,healthy_diet,passed_first_notfixated_forgone,0,1,0,0
802,sub034,Count_trash_bins,texting_driving,passed_first_notfixated_forgone,0,0,0,0
803,sub034,Count_trash_bins,jogging_physical_activity,passed_first_notfixated_forgone,0,0,0,0
804,sub034,Count_trash_bins,drug_abuse,passed_first_notfixated_forgone,0,0,0,0
805,sub034,Count_trash_bins,buckle_up,passed_first_notfixated_forgone,0,1,0,0
806,sub034,Count_trash_bins,HIV,passed_first_notfixated_forgone,0,1,0,0
807,sub034,Count_trash_bins,museum,passed_first_notfixated_forgone,0,0,0,0
808,sub034,Count_trash_bins,pottery_class,passed_first_notfixated_forgone,0,0,0,0
809,sub034,Count_trash_bins,recycling,passed_first_notfixated_forgone,0,0,0,0
810,sub035,Free_Viewing,moving_business,passed_first_fixated,1,1,0,0
811,sub035,Free_Viewing,handwashing,passed_first_fixated,1,1,0,1
812,sub035,Free_Viewing,hotel,passed_first_fixated,1,1,1,1
813,sub035,Free_Viewing,smoking_cessation,passed_first_fixated,1,1,1,1
814,sub035,Free_Viewing,movie_premiere,passed_first_fixated,1,1,0,1
815,sub035,Free_Viewing,employee_wellness,passed_first_fixated,1,1,0,1
816,sub035,Free_Viewing,healthy_diet,passed_first_fixated,1,1,0,0
817,sub035,Free_Viewing,pizza,passed_first_fixated,1,1,1,1
818,sub035,Free_Viewing,buckle_up,passed_first_fixated,1,1,1,1
819,sub035,Free_Viewing,clothes_sale,passed_first_fixated,1,1,0,0
820,sub035,Free_Viewing,regular_doctor_visits,passed_first_fixated,1,1,0,0
821,sub035,Free_Viewing,coffee,passed_first_fixated,1,1,1,1
822,sub035,Free_Viewing,cosmetics,passed_first_fixated,1,1,0,1
823,sub035,Free_Viewing,drug_abuse,passed_first_fixated,1,1,0,1
824,sub035,Free_Viewing,sun_skin_protection,passed_first_fixated,1,1,0,1
825,sub035,Free_Viewing,healthy_sleep,passed_first_fixated,1,1,0,1
826,sub035,Free_Viewing,smartphone,passed_first_fixated,1,1,0,1
827,sub035,Free_Viewing,diabetes_awareness,passed_first_fixated,1,1,0,1
828,sub035,Free_Viewing,polar_bear,passed_first_fixated,1,1,0,1
829,sub035,Free_Viewing,furniture,passed_first_fixated,1,1,0,1
830,sub035,Free_Viewing,pottery_class,passed_first_fixated,1,1,0,0
831,sub035,Free_Viewing,great_lakes,passed_first_fixated,1,1,0,1
832,sub035,Free_Viewing,grocery_store,passed_first_fixated,1,1,1,1
833,sub035,Free_Viewing,car_insurance,passed_first_fixated,1,1,0,1
834,sub035,Free_Viewing,pet_store,passed_first_fixated,1,1,0,1
835,sub035,Free_Viewing,binge_drinking,passed_first_fixated,1,1,1,1
836,sub035,Free_Viewing,recycling,passed_first_fixated,1,1,0,1
837,sub035,Free_Viewing,mental_health,passed_first_fixated,1,1,0,1
838,sub035,Free_Viewing,lawyer,passed_first_fixated,1,1,0,1
839,sub035,Free_Viewing,fundraising,passed_first_fixated,1,1,0,1
840,sub035,Free_Viewing,texting_driving,passed_first_fixated,1,1,1,1
841,sub035,Free_Viewing,travel_agency,passed_incept_fixated,1,1,0,1
842,sub035,Free_Viewing,jogging_physical_activity,passed_incept_fixated,1,1,1,1
843,sub035,Free_Viewing,vaccination,passed_incept_fixated,1,1,1,1
844,sub035,Free_Viewing,carpet_cleaning,passed_first_notfixated_forgone,0,0,0,0
845,sub035,Free_Viewing,caffeine_consumption,passed_first_notfixated_forgone,0,1,1,1
846,sub036,Count_trash_bins,smartphone,passed_first_fixated,1,1,0,0
847,sub036,Count_trash_bins,movie_premiere,passed_first_fixated,1,1,0,0
848,sub036,Count_trash_bins,carpet_cleaning,passed_first_fixated,1,1,0,0
849,sub036,Count_trash_bins,furniture,passed_first_fixated,1,1,0,0
850,sub036,Count_trash_bins,hotel,passed_first_fixated,1,1,0,0
851,sub036,Count_trash_bins,grocery_store,passed_first_fixated,1,1,0,0
852,sub036,Count_trash_bins,regular_doctor_visits,passed_incept_fixated,1,1,0,1
853,sub036,Count_trash_bins,lawyer,passed_incept_fixated,1,1,0,0
854,sub036,Count_trash_bins,binge_drinking,passed_incept_fixated,1,1,1,1
855,sub036,Count_trash_bins,coffee,passed_incept_fixated,1,1,0,0
856,sub036,Count_trash_bins,brunch,passed_incept_notfixated_forgone,0,1,0,0
857,sub036,Count_trash_bins,smoking_cessation,passed_incept_notfixated_forgone,0,1,0,0
858,sub036,Count_trash_bins,drug_abuse,passed_first_notfixated_forgone,0,0,0,0
859,sub036,Count_trash_bins,clothes_sale,passed_first_notfixated_forgone,0,0,0,0
860,sub036,Count_trash_bins,museum,passed_first_notfixated_forgone,0,0,0,0
861,sub036,Count_trash_bins,healthy_diet,passed_first_notfixated_forgone,0,0,0,0
862,sub036,Count_trash_bins,jogging_physical_activity,passed_first_notfixated_forgone,0,0,0,0
863,sub036,Count_trash_bins,burger,passed_first_notfixated_forgone,0,0,0,0
864,sub036,Count_trash_bins,travel_agency,passed_first_notfixated_forgone,0,0,0,0
865,sub036,Count_trash_bins,pottery_class,passed_first_notfixated_forgone,0,0,0,0
866,sub037,Free_Viewing,clothes_sale,passed_first_fixated,1,1,0,0
867,sub037,Free_Viewing,car_insurance,passed_first_fixated,1,1,0,0
868,sub037,Free_Viewing,travel_agency,passed_first_fixated,1,1,0,0
869,sub037,Free_Viewing,diabetes_awareness,passed_first_fixated,1,1,0,1
870,sub037,Free_Viewing,jogging_physical_activity,passed_first_fixated,1,1,0,0
871,sub037,Free_Viewing,pet_store,passed_first_fixated,1,1,0,1
872,sub037,Free_Viewing,museum,passed_first_fixated,1,1,0,0
873,sub037,Free_Viewing,smartphone,passed_first_fixated,1,1,1,1
874,sub037,Free_Viewing,vaccination,passed_first_fixated,1,1,0,0
875,sub037,Free_Viewing,recycling,passed_first_fixated,1,1,0,0
876,sub037,Free_Viewing,furniture,passed_first_fixated,1,1,0,0
877,sub037,Free_Viewing,regular_doctor_visits,passed_first_fixated,1,1,1,1
878,sub037,Free_Viewing,binge_drinking,passed_first_fixated,1,1,0,1
879,sub037,Free_Viewing,smoking_cessation,passed_first_fixated,1,1,1,1
880,sub037,Free_Viewing,pizza,passed_first_fixated,1,1,0,0
881,sub037,Free_Viewing,burger,passed_first_fixated,1,1,0,1
882,sub037,Free_Viewing,mental_health,passed_first_fixated,1,1,1,1
883,sub037,Free_Viewing,healthy_sleep,passed_first_fixated,1,1,0,1
884,sub037,Free_Viewing,sun_skin_protection,passed_first_fixated,1,1,0,0
885,sub037,Free_Viewing,great_lakes,passed_first_fixated,1,1,1,1
886,sub037,Free_Viewing,coffee,passed_first_fixated,1,1,1,1
887,sub037,Free_Viewing,lawyer,passed_first_fixated,1,1,0,0
888,sub037,Free_Viewing,buckle_up,passed_first_fixated,1,1,0,1
889,sub037,Free_Viewing,grocery_store,passed_first_fixated,1,1,1,1
890,sub037,Free_Viewing,texting_driving,passed_first_fixated,1,1,0,1
891,sub037,Free_Viewing,healthy_diet,passed_incept_fixated,1,1,0,1
892,sub037,Free_Viewing,polar_bear,passed_incept_fixated,1,1,1,1
893,sub037,Free_Viewing,handwashing,passed_incept_fixated,1,1,0,1
894,sub037,Free_Viewing,drug_abuse,passed_incept_fixated,1,1,0,0
895,sub037,Free_Viewing,cosmetics,passed_first_notfixated_forgone,0,0,0,1
896,sub037,Free_Viewing,movie_premiere,passed_first_notfixated_forgone,0,1,0,0
897,sub037,Free_Viewing,HIV,passed_first_notfixated_forgone,0,0,0,1
898,sub037,Free_Viewing,hotel,passed_first_notfixated_forgone,0,1,0,0
899,sub037,Free_Viewing,fundraising,passed_first_notfixated_forgone,0,0,0,0
900,sub037,Free_Viewing,caffeine_consumption,passed_first_notfixated_forgone,0,0,0,1
901,sub038,Count_trash_bins,vaccination,passed_first_fixated,1,1,0,0
902,sub038,Count_trash_bins,regular_doctor_visits,passed_first_fixated,1,1,0,0
903,sub038,Count_trash_bins,smartphone,passed_first_fixated,1,1,0,0
904,sub038,Count_trash_bins,clothes_sale,passed_incept_fixated,1,1,0,0
905,sub038,Count_trash_bins,recycling,passed_incept_fixated,1,1,0,0
906,sub038,Count_trash_bins,employee_wellness,passed_incept_fixated,1,1,0,1
907,sub038,Count_trash_bins,jogging_physical_activity,passed_incept_notfixated_forgone,0,1,0,0
908,sub038,Count_trash_bins,fundraising,passed_incept_notfixated_forgone,0,1,0,0
909,sub038,Count_trash_bins,healthy_diet,passed_incept_notfixated_forgone,0,1,0,1
910,sub038,Count_trash_bins,polar_bear,passed_first_notfixated_forgone,0,1,0,0
911,sub038,Count_trash_bins,travel_agency,passed_first_notfixated_forgone,0,0,0,0
912,sub038,Count_trash_bins,smoking_cessation,passed_first_notfixated_forgone,0,0,0,0
913,sub038,Count_trash_bins,coffee,passed_first_notfixated_forgone,0,0,0,0
914,sub038,Count_trash_bins,caffeine_consumption,passed_first_notfixated_forgone,0,0,0,0
915,sub038,Count_trash_bins,brunch,passed_first_notfixated_forgone,0,0,0,1
916,sub038,Count_trash_bins,handwashing,passed_first_notfixated_forgone,0,1,0,1
917,sub038,Count_trash_bins,grocery_store,passed_first_notfixated_forgone,0,1,0,0
918,sub038,Count_trash_bins,binge_drinking,passed_first_notfixated_forgone,0,1,0,0
919,sub038,Count_trash_bins,pottery_class,passed_first_notfixated_forgone,0,0,0,0
920,sub039,Free_Viewing,caffeine_consumption,passed_first_fixated,1,1,0,1
921,sub039,Free_Viewing,pottery_class,passed_first_fixated,1,1,0,0
922,sub039,Free_Viewing,drug_abuse,passed_first_fixated,1,1,0,1
923,sub039,Free_Viewing,polar_bear,passed_first_fixated,1,1,0,0
924,sub039,Free_Viewing,binge_drinking,passed_first_fixated,1,1,1,1
925,sub039,Free_Viewing,jogging_physical_activity,passed_first_fixated,1,1,0,1
926,sub039,Free_Viewing,vaccination,passed_first_fixated,1,1,0,1
927,sub039,Free_Viewing,HIV,passed_first_fixated,1,1,1,1
928,sub039,Free_Viewing,mental_health,passed_first_fixated,1,1,0,1
929,sub039,Free_Viewing,healthy_diet,passed_first_fixated,1,1,1,1
930,sub039,Free_Viewing,buckle_up,passed_first_fixated,1,1,0,0
931,sub039,Free_Viewing,moving_business,passed_first_fixated,1,1,0,0
932,sub039,Free_Viewing,diabetes_awareness,passed_first_fixated,1,1,0,0
933,sub039,Free_Viewing,pizza,passed_first_fixated,1,1,1,1
934,sub039,Free_Viewing,car_insurance,passed_first_fixated,1,1,0,1
935,sub039,Free_Viewing,carpet_cleaning,passed_first_fixated,1,1,0,1
936,sub039,Free_Viewing,cosmetics,passed_first_fixated,1,1,1,1
937,sub039,Free_Viewing,furniture,passed_first_fixated,1,1,0,0
938,sub039,Free_Viewing,pet_store,passed_first_fixated,1,1,0,1
939,sub039,Free_Viewing,handwashing,passed_first_fixated,1,1,0,1
940,sub039,Free_Viewing,smartphone,passed_first_fixated,1,1,0,1
941,sub039,Free_Viewing,healthy_sleep,passed_first_fixated,1,1,0,0
942,sub039,Free_Viewing,movie_premiere,passed_first_fixated,1,1,0,1
943,sub039,Free_Viewing,brunch,passed_first_fixated,1,1,0,1
944,sub039,Free_Viewing,lawyer,passed_first_fixated,1,1,0,0
945,sub039,Free_Viewing,travel_agency,passed_first_fixated,1,1,0,1
946,sub039,Free_Viewing,texting_driving,passed_first_fixated,1,1,1,1
947,sub039,Free_Viewing,museum,passed_first_fixated,1,1,0,1
948,sub039,Free_Viewing,employee_wellness,passed_first_fixated,1,1,0,1
949,sub039,Free_Viewing,grocery_store,passed_first_fixated,1,1,0,0
950,sub039,Free_Viewing,smoking_cessation,passed_first_fixated,1,1,1,1
951,sub039,Free_Viewing,fundraising,passed_incept_fixated,1,1,0,0
952,sub039,Free_Viewing,clothes_sale,passed_incept_fixated,1,1,0,1
953,sub039,Free_Viewing,recycling,passed_first_notfixated_forgone,0,1,0,0
954,sub039,Free_Viewing,coffee,passed_first_notfixated_forgone,0,1,0,0
955,sub039,Free_Viewing,sun_skin_protection,passed_first_notfixated_forgone,0,1,0,0
956,sub040,Count_trash_bins,brunch,passed_first_fixated,1,1,0,0
957,sub040,Count_trash_bins,binge_drinking,passed_first_fixated,1,1,0,0
958,sub040,Count_trash_bins,HIV,passed_first_fixated,1,1,1,1
959,sub040,Count_trash_bins,sun_skin_protection,passed_incept_fixated,1,1,0,1
960,sub040,Count_trash_bins,lawyer,passed_incept_fixated,1,1,1,1
961,sub040,Count_trash_bins,cosmetics,passed_incept_fixated,1,1,0,1
962,sub040,Count_trash_bins,healthy_sleep,passed_incept_fixated,1,1,1,1
963,sub040,Count_trash_bins,carpet_cleaning,passed_incept_fixated,1,1,0,0
964,sub040,Count_trash_bins,handwashing,passed_incept_notfixated_forgone,0,0,0,0
965,sub040,Count_trash_bins,pizza,passed_incept_notfixated_forgone,0,1,0,0
966,sub040,Count_trash_bins,employee_wellness,passed_first_notfixated_forgone,0,0,0,0
967,sub040,Count_trash_bins,pet_store,passed_first_notfixated_forgone,0,0,0,0
968,sub040,Count_trash_bins,smoking_cessation,passed_first_notfixated_forgone,0,0,0,0
969,sub040,Count_trash_bins,diabetes_awareness,passed_first_notfixated_forgone,0,0,0,0
970,sub040,Count_trash_bins,furniture,passed_first_notfixated_forgone,0,1,0,0
971,sub040,Count_trash_bins,great_lakes,passed_first_notfixated_forgone,0,0,0,0
972,sub040,Count_trash_bins,moving_business,passed_first_notfixated_forgone,0,0,0,0
973,sub040,Count_trash_bins,caffeine_consumption,passed_first_notfixated_forgone,0,0,0,0
974,sub040,Count_trash_bins,texting_driving,passed_first_notfixated_forgone,0,0,0,1
